{
  "r2": 0.5318838595914464,
  "mse": 0.305916640625,
  "accuracy": 0.5318838595914464
}